{
    "step": 4,
    "train_loss": 0.1254291762009263,
    "train_accuracy": 0.9794666666666667,
    "test_loss": 0.10611571287051938,
    "test_accuracy": 0.9677515974440895
}