{
    "step": 4,
    "loss": 0.7527141571044922,
    "accuracy": 0.8442166447639465,
    "val_loss": 0.6832225322723389,
    "val_accuracy": 0.8571000099182129
}